SEASON_ID,Player_ID,Game_ID,GAME_DATE,MATCHUP,WL,MIN,FGM,FGA,FG_PCT,FG3M,FG3A,FG3_PCT,FTM,FTA,FT_PCT,OREB,DREB,REB,AST,STL,BLK,TOV,PF,PTS,PLUS_MINUS,VIDEO_AVAILABLE,PLAYER_NAME
22023,201935,0022301184,"APR 12, 2024",LAC vs. UTA,L,10,1,4,0.25,0,2,0.0,2,3,0.667,0,0,0,5,0,0,1,0,4,8,1,James Harden
22023,201935,0022301132,"APR 07, 2024",LAC vs. CLE,W,26,6,11,0.545,4,8,0.5,6,6,1.0,0,5,5,5,0,0,2,3,22,-20,1,James Harden
22023,201935,0022301126,"APR 05, 2024",LAC vs. UTA,W,33,4,10,0.4,2,7,0.286,3,3,1.0,0,10,10,15,0,0,5,1,13,19,1,James Harden
22023,201935,0022301114,"APR 04, 2024",LAC vs. DEN,W,38,6,23,0.261,2,13,0.154,6,7,0.857,1,5,6,8,1,0,1,0,20,4,1,James Harden
22023,201935,0022301101,"APR 02, 2024",LAC @ SAC,L,31,1,7,0.143,1,5,0.2,3,4,0.75,1,4,5,8,1,0,5,0,6,-13,1,James Harden
22023,201935,0022301079,"MAR 31, 2024",LAC @ CHA,W,36,1,3,0.333,1,3,0.333,3,4,0.75,0,6,6,10,1,0,0,0,6,6,1,James Harden
22023,201935,0022301064,"MAR 29, 2024",LAC @ ORL,W,37,3,12,0.25,1,7,0.143,4,5,0.8,2,6,8,4,4,0,4,1,11,-3,1,James Harden
22023,201935,0022301052,"MAR 27, 2024",LAC @ PHI,W,39,6,15,0.4,3,9,0.333,1,2,0.5,0,5,5,14,2,1,1,1,16,1,1,James Harden
22023,201935,0022301043,"MAR 25, 2024",LAC vs. IND,L,34,3,7,0.429,0,1,0.0,5,5,1.0,0,3,3,7,1,0,1,3,11,-24,1,James Harden
22023,201935,0022301028,"MAR 24, 2024",LAC vs. PHI,L,34,5,13,0.385,0,6,0.0,2,2,1.0,1,3,4,14,1,1,2,0,12,-16,1,James Harden
22023,201935,0022301017,"MAR 22, 2024",LAC @ POR,W,36,5,13,0.385,2,9,0.222,3,4,0.75,1,4,5,10,1,1,2,1,15,21,1,James Harden
22023,201935,0022301003,"MAR 20, 2024",LAC @ POR,W,36,6,11,0.545,5,9,0.556,2,2,1.0,0,4,4,14,0,1,3,1,19,22,1,James Harden
22023,201935,0022300982,"MAR 17, 2024",LAC vs. ATL,L,36,3,10,0.3,2,5,0.4,1,1,1.0,0,6,6,9,1,1,3,2,9,-15,1,James Harden
22023,201935,0022300944,"MAR 12, 2024",LAC vs. MIN,L,34,4,10,0.4,2,6,0.333,2,2,1.0,0,2,2,7,2,0,4,1,12,-15,1,James Harden
22023,201935,0022300924,"MAR 10, 2024",LAC vs. MIL,L,36,5,16,0.313,1,6,0.167,2,2,1.0,3,2,5,11,0,0,5,4,13,-13,1,James Harden
22023,201935,0022300917,"MAR 09, 2024",LAC vs. CHI,W,34,4,10,0.4,4,10,0.4,2,2,1.0,0,11,11,10,1,0,1,2,14,4,1,James Harden
22023,201935,0022300897,"MAR 06, 2024",LAC @ HOU,W,39,6,13,0.462,1,5,0.2,8,8,1.0,0,5,5,7,1,1,2,2,21,8,1,James Harden
22023,201935,0022300880,"MAR 04, 2024",LAC @ MIL,L,37,9,16,0.563,5,10,0.5,6,9,0.667,0,4,4,8,0,1,3,2,29,-4,1,James Harden
22023,201935,0022300873,"MAR 03, 2024",LAC @ MIN,W,34,0,10,0.0,0,6,0.0,4,4,1.0,0,5,5,10,1,2,1,1,4,-10,1,James Harden
22023,201935,0022300865,"MAR 01, 2024",LAC vs. WAS,W,25,9,13,0.692,6,9,0.667,4,4,1.0,1,3,4,8,0,3,3,1,28,19,1,James Harden
22023,201935,0022300848,"FEB 28, 2024",LAC vs. LAL,L,40,8,16,0.5,2,9,0.222,5,6,0.833,1,2,3,9,1,0,4,1,23,-12,1,James Harden
22023,201935,0022300827,"FEB 25, 2024",LAC vs. SAC,L,35,4,13,0.308,2,10,0.2,10,10,1.0,0,5,5,8,0,0,3,3,20,-25,1,James Harden
22023,201935,0022300807,"FEB 23, 2024",LAC @ MEM,W,39,1,8,0.125,1,4,0.25,6,7,0.857,1,7,8,8,0,1,4,0,9,3,1,James Harden
22023,201935,0022300799,"FEB 22, 2024",LAC @ OKC,L,29,5,9,0.556,3,6,0.5,4,4,1.0,2,4,6,2,1,0,3,2,17,-7,1,James Harden
22023,201935,0022300789,"FEB 14, 2024",LAC @ GSW,W,40,7,12,0.583,4,9,0.444,8,9,0.889,2,6,8,7,0,1,1,0,26,13,1,James Harden
22023,201935,0022300770,"FEB 12, 2024",LAC vs. MIN,L,32,5,13,0.385,3,8,0.375,4,5,0.8,0,2,2,6,1,1,0,0,17,-9,1,James Harden
22023,201935,0022300749,"FEB 10, 2024",LAC vs. DET,W,36,4,11,0.364,2,8,0.25,4,4,1.0,0,6,6,8,1,1,5,1,14,8,1,James Harden
22023,201935,0022300731,"FEB 07, 2024",LAC vs. NOP,L,38,6,11,0.545,5,6,0.833,2,3,0.667,1,7,8,5,1,1,4,2,19,-1,1,James Harden
22023,201935,0022300716,"FEB 05, 2024",LAC @ ATL,W,39,7,14,0.5,6,9,0.667,10,10,1.0,2,6,8,10,2,1,2,3,30,11,1,James Harden
22023,201935,0022300708,"FEB 04, 2024",LAC @ MIA,W,42,7,13,0.538,5,9,0.556,2,4,0.5,0,8,8,11,1,1,4,1,21,10,1,James Harden
22023,201935,0022300688,"FEB 02, 2024",LAC @ DET,W,34,1,10,0.1,0,5,0.0,2,2,1.0,1,2,3,6,1,0,1,1,4,8,1,James Harden
22023,201935,0022300676,"JAN 31, 2024",LAC @ WAS,W,33,7,15,0.467,5,10,0.5,6,6,1.0,1,8,9,5,2,4,2,2,25,20,1,James Harden
22023,201935,0022300658,"JAN 29, 2024",LAC @ CLE,L,39,3,8,0.375,2,5,0.4,3,4,0.75,0,7,7,10,1,1,3,2,11,-2,1,James Harden
22023,201935,0022300646,"JAN 27, 2024",LAC @ BOS,W,27,2,11,0.182,0,6,0.0,5,6,0.833,1,7,8,7,0,0,1,2,9,36,1,James Harden
22023,201935,0022300637,"JAN 26, 2024",LAC @ TOR,W,35,8,14,0.571,2,7,0.286,4,4,1.0,0,10,10,13,1,1,1,3,22,27,1,James Harden
22023,201935,0022300618,"JAN 23, 2024",LAC vs. LAL,W,39,8,17,0.471,4,8,0.5,3,5,0.6,1,1,2,10,1,1,1,3,23,10,1,James Harden
22023,201935,0022300600,"JAN 21, 2024",LAC vs. BKN,W,38,6,11,0.545,3,6,0.5,9,9,1.0,0,5,5,10,2,1,4,2,24,9,1,James Harden
22023,201935,0022300568,"JAN 16, 2024",LAC vs. OKC,W,41,5,14,0.357,4,10,0.4,2,2,1.0,0,5,5,8,0,1,1,2,16,8,1,James Harden
22023,201935,0022300553,"JAN 14, 2024",LAC @ MIN,L,36,4,14,0.286,2,9,0.222,4,5,0.8,0,1,1,8,2,2,4,3,14,-3,1,James Harden
22023,201935,0022300537,"JAN 12, 2024",LAC @ MEM,W,28,3,7,0.429,2,4,0.5,3,3,1.0,0,1,1,9,1,0,3,0,11,20,1,James Harden
22023,201935,0022300526,"JAN 10, 2024",LAC vs. TOR,W,34,5,13,0.385,2,7,0.286,2,2,1.0,0,5,5,11,1,0,3,4,14,8,1,James Harden
22023,201935,0022300511,"JAN 08, 2024",LAC vs. PHX,W,30,6,8,0.75,3,4,0.75,4,4,1.0,0,7,7,10,0,0,3,1,19,25,1,James Harden
22023,201935,0022300505,"JAN 07, 2024",LAC @ LAL,L,39,4,13,0.308,3,7,0.429,4,5,0.8,2,2,4,9,1,0,5,3,15,-1,1,James Harden
22023,201935,0022300486,"JAN 05, 2024",LAC @ NOP,W,29,2,7,0.286,1,6,0.167,3,3,1.0,0,3,3,13,0,0,1,2,8,18,1,James Harden
22023,201935,0022300473,"JAN 03, 2024",LAC @ PHX,W,36,7,13,0.538,4,7,0.571,4,4,1.0,0,5,5,11,0,1,4,2,22,1,1,James Harden
22023,201935,0022300458,"JAN 01, 2024",LAC vs. MIA,W,31,5,8,0.625,3,5,0.6,2,2,1.0,0,4,4,10,1,2,2,1,15,26,1,James Harden
22023,201935,0022300438,"DEC 29, 2023",LAC vs. MEM,W,44,4,13,0.308,2,9,0.222,6,8,0.75,0,4,4,13,0,3,5,1,16,16,1,James Harden
22023,201935,0022300414,"DEC 26, 2023",LAC vs. CHA,W,40,8,16,0.5,6,12,0.5,7,8,0.875,0,6,6,8,2,1,4,2,29,20,1,James Harden
22023,201935,0022300389,"DEC 23, 2023",LAC vs. BOS,L,29,6,13,0.462,2,5,0.4,0,0,0.0,0,4,4,9,1,0,4,4,14,-34,1,James Harden
22023,201935,0022300379,"DEC 21, 2023",LAC @ OKC,L,34,7,18,0.389,4,9,0.444,5,6,0.833,2,7,9,6,3,1,3,1,23,-17,1,James Harden
22023,201935,0022300372,"DEC 20, 2023",LAC @ DAL,W,39,4,12,0.333,2,8,0.25,7,8,0.875,0,5,5,11,0,2,4,3,17,10,1,James Harden
22023,201935,0022300350,"DEC 18, 2023",LAC @ IND,W,28,12,16,0.75,8,11,0.727,3,3,1.0,0,3,3,9,1,1,1,2,35,32,1,James Harden
22023,201935,0022300343,"DEC 16, 2023",LAC vs. NYK,W,28,2,6,0.333,1,4,0.25,5,7,0.714,0,4,4,12,1,2,1,3,10,22,1,James Harden
22023,201935,0022300325,"DEC 14, 2023",LAC vs. GSW,W,42,6,12,0.5,5,6,0.833,11,12,0.917,2,5,7,15,1,4,4,3,28,12,1,James Harden
22023,201935,0022300309,"DEC 12, 2023",LAC vs. SAC,W,28,4,9,0.444,0,4,0.0,7,7,1.0,0,6,6,7,2,0,2,3,15,26,1,James Harden
22023,201935,0022300304,"DEC 11, 2023",LAC vs. POR,W,37,7,14,0.5,3,6,0.5,3,3,1.0,0,7,7,7,1,2,3,2,20,3,1,James Harden
22023,201935,0022301225,"DEC 08, 2023",LAC @ UTA,W,34,2,8,0.25,2,6,0.333,6,7,0.857,0,7,7,8,0,1,2,2,12,18,1,James Harden
22023,201935,0022301215,"DEC 06, 2023",LAC vs. DEN,W,32,6,10,0.6,2,3,0.667,6,7,0.857,0,1,1,11,3,1,4,0,20,6,1,James Harden
22023,201935,0022300280,"DEC 02, 2023",LAC vs. GSW,W,35,7,14,0.5,2,7,0.286,5,5,1.0,0,5,5,9,1,0,1,4,21,0,1,James Harden
22023,201935,0022300273,"NOV 30, 2023",LAC @ GSW,L,37,6,13,0.462,5,10,0.5,1,2,0.5,0,3,3,7,1,0,1,3,18,-1,1,James Harden
22023,201935,0022300264,"NOV 29, 2023",LAC @ SAC,W,39,8,14,0.571,5,8,0.625,5,5,1.0,1,2,3,6,5,0,2,4,26,19,1,James Harden
22023,201935,0022300257,"NOV 27, 2023",LAC vs. DEN,L,36,3,7,0.429,3,5,0.6,2,2,1.0,0,2,2,4,1,0,3,3,11,6,1,James Harden
22023,201935,0022300244,"NOV 25, 2023",LAC vs. DAL,W,28,2,8,0.25,2,6,0.333,2,2,1.0,0,4,4,7,1,2,2,1,8,14,1,James Harden
22023,201935,0022300052,"NOV 24, 2023",LAC vs. NOP,L,37,2,8,0.25,1,6,0.167,3,6,0.5,0,5,5,10,4,1,3,3,8,-6,1,James Harden
22023,201935,0022300235,"NOV 22, 2023",LAC @ SAS,W,36,3,7,0.429,2,4,0.5,8,12,0.667,0,6,6,9,1,1,4,3,16,-2,1,James Harden
22023,201935,0022300223,"NOV 20, 2023",LAC @ SAS,W,28,4,12,0.333,2,8,0.25,3,3,1.0,1,2,3,10,2,0,0,2,13,17,1,James Harden
22023,201935,0022300037,"NOV 17, 2023",LAC vs. HOU,W,34,8,11,0.727,2,4,0.5,6,7,0.857,1,8,9,7,0,1,3,1,24,21,1,James Harden
22023,201935,0022300024,"NOV 14, 2023",LAC @ DEN,L,35,7,15,0.467,3,8,0.375,4,4,1.0,0,2,2,4,0,0,1,3,21,-3,1,James Harden
22023,201935,0022300179,"NOV 12, 2023",LAC vs. MEM,L,29,4,12,0.333,1,7,0.143,2,2,1.0,2,2,4,3,1,1,1,0,11,-28,1,James Harden
22023,201935,0022300014,"NOV 10, 2023",LAC @ DAL,L,29,3,6,0.5,2,3,0.667,6,6,1.0,0,5,5,3,2,0,2,0,14,-6,1,James Harden
22023,201935,0022300160,"NOV 08, 2023",LAC @ BKN,L,36,4,9,0.444,2,5,0.4,2,2,1.0,0,8,8,5,2,0,5,0,12,-15,1,James Harden
22023,201935,0022300151,"NOV 06, 2023",LAC @ NYK,L,31,6,9,0.667,2,4,0.5,3,3,1.0,0,3,3,6,1,0,2,2,17,-18,1,James Harden
22023,201566,0022301184,"APR 12, 2024",LAC vs. UTA,L,9,2,4,0.5,0,0,0.0,0,2,0.0,0,0,0,0,0,0,1,2,4,-2,1,Russell Westbrook
22023,201566,0022301156,"APR 09, 2024",LAC @ PHX,W,40,7,17,0.412,2,4,0.5,0,0,0.0,2,13,15,15,2,0,5,3,16,17,1,Russell Westbrook
22023,201566,0022301132,"APR 07, 2024",LAC vs. CLE,W,25,3,9,0.333,0,2,0.0,2,2,1.0,2,5,7,6,1,1,2,2,8,18,1,Russell Westbrook
22023,201566,0022301126,"APR 05, 2024",LAC vs. UTA,W,21,8,11,0.727,1,1,1.0,0,1,0.0,0,5,5,4,2,0,5,2,17,10,1,Russell Westbrook
22023,201566,0022301114,"APR 04, 2024",LAC vs. DEN,W,24,4,9,0.444,0,2,0.0,4,4,1.0,1,5,6,5,1,1,2,1,12,8,1,Russell Westbrook
22023,201566,0022301101,"APR 02, 2024",LAC @ SAC,L,24,7,14,0.5,2,3,0.667,4,4,1.0,0,2,2,2,0,0,4,5,20,-14,1,Russell Westbrook
22023,201566,0022301079,"MAR 31, 2024",LAC @ CHA,W,20,4,6,0.667,0,0,0.0,3,4,0.75,2,3,5,4,2,0,3,1,11,9,1,Russell Westbrook
22023,201566,0022301064,"MAR 29, 2024",LAC @ ORL,W,18,2,6,0.333,0,1,0.0,1,2,0.5,2,1,3,5,1,0,2,1,5,3,1,Russell Westbrook
22023,201566,0022301052,"MAR 27, 2024",LAC @ PHI,W,17,2,8,0.25,0,1,0.0,2,2,1.0,2,0,2,2,0,0,1,0,6,-6,1,Russell Westbrook
22023,201566,0022301043,"MAR 25, 2024",LAC vs. IND,L,18,5,10,0.5,0,2,0.0,4,6,0.667,2,2,4,7,0,0,1,1,14,-2,1,Russell Westbrook
22023,201566,0022300865,"MAR 01, 2024",LAC vs. WAS,W,10,2,3,0.667,0,0,0.0,2,2,1.0,0,0,0,1,0,0,0,1,6,8,1,Russell Westbrook
22023,201566,0022300848,"FEB 28, 2024",LAC vs. LAL,L,17,3,9,0.333,0,2,0.0,2,2,1.0,1,1,2,3,3,0,1,5,8,3,1,Russell Westbrook
22023,201566,0022300827,"FEB 25, 2024",LAC vs. SAC,L,18,3,10,0.3,0,2,0.0,2,2,1.0,1,3,4,2,1,0,1,1,8,10,1,Russell Westbrook
22023,201566,0022300807,"FEB 23, 2024",LAC @ MEM,W,23,6,15,0.4,1,4,0.25,0,0,0.0,0,2,2,0,1,0,3,0,13,-2,1,Russell Westbrook
22023,201566,0022300799,"FEB 22, 2024",LAC @ OKC,L,16,1,9,0.111,0,2,0.0,0,0,0.0,0,1,1,5,1,0,1,2,2,-11,1,Russell Westbrook
22023,201566,0022300789,"FEB 14, 2024",LAC @ GSW,W,31,6,14,0.429,0,3,0.0,3,5,0.6,4,1,5,6,1,0,2,2,15,8,1,Russell Westbrook
22023,201566,0022300770,"FEB 12, 2024",LAC vs. MIN,L,29,3,11,0.273,1,5,0.2,4,5,0.8,0,2,2,3,2,0,1,2,11,-21,1,Russell Westbrook
22023,201566,0022300749,"FEB 10, 2024",LAC vs. DET,W,28,5,10,0.5,2,4,0.5,1,2,0.5,0,3,3,2,1,0,1,1,13,10,1,Russell Westbrook
22023,201566,0022300731,"FEB 07, 2024",LAC vs. NOP,L,18,2,7,0.286,0,2,0.0,0,0,0.0,2,1,3,4,1,0,3,2,4,-12,1,Russell Westbrook
22023,201566,0022300716,"FEB 05, 2024",LAC @ ATL,W,26,6,10,0.6,0,2,0.0,1,3,0.333,0,5,5,3,2,1,2,1,13,-3,1,Russell Westbrook
22023,201566,0022300708,"FEB 04, 2024",LAC @ MIA,W,15,2,9,0.222,1,4,0.25,0,0,0.0,0,1,1,2,1,0,3,0,5,1,1,Russell Westbrook
22023,201566,0022300688,"FEB 02, 2024",LAC @ DET,W,25,10,13,0.769,2,3,0.667,1,2,0.5,1,2,3,9,2,0,2,2,23,15,1,Russell Westbrook
22023,201566,0022300676,"JAN 31, 2024",LAC @ WAS,W,21,4,11,0.364,0,1,0.0,1,2,0.5,2,1,3,7,0,0,0,0,9,10,1,Russell Westbrook
22023,201566,0022300658,"JAN 29, 2024",LAC @ CLE,L,22,5,8,0.625,0,2,0.0,3,4,0.75,0,4,4,3,0,0,4,1,13,-5,1,Russell Westbrook
22023,201566,0022300646,"JAN 27, 2024",LAC @ BOS,W,15,2,9,0.222,0,2,0.0,0,0,0.0,1,3,4,5,0,0,1,0,4,3,1,Russell Westbrook
22023,201566,0022300637,"JAN 26, 2024",LAC @ TOR,W,26,7,14,0.5,0,2,0.0,6,6,1.0,3,2,5,3,2,2,0,3,20,-2,1,Russell Westbrook
22023,201566,0022300618,"JAN 23, 2024",LAC vs. LAL,W,18,6,11,0.545,3,3,1.0,1,1,1.0,0,6,6,3,2,0,3,1,16,1,1,Russell Westbrook
22023,201566,0022300600,"JAN 21, 2024",LAC vs. BKN,W,31,10,16,0.625,1,2,0.5,2,4,0.5,3,6,9,6,1,1,2,3,23,22,1,Russell Westbrook
22023,201566,0022300568,"JAN 16, 2024",LAC vs. OKC,W,22,4,8,0.5,0,3,0.0,3,4,0.75,1,1,2,4,1,0,2,0,11,6,1,Russell Westbrook
22023,201566,0022300553,"JAN 14, 2024",LAC @ MIN,L,29,3,8,0.375,2,2,1.0,4,5,0.8,3,5,8,13,2,0,3,4,12,2,1,Russell Westbrook
22023,201566,0022300537,"JAN 12, 2024",LAC @ MEM,W,16,5,11,0.455,1,3,0.333,1,3,0.333,1,1,2,2,0,0,1,1,12,0,1,Russell Westbrook
22023,201566,0022300526,"JAN 10, 2024",LAC vs. TOR,W,14,3,9,0.333,0,1,0.0,0,0,0.0,0,0,0,3,0,0,0,0,6,-2,1,Russell Westbrook
22023,201566,0022300511,"JAN 08, 2024",LAC vs. PHX,W,15,3,6,0.5,0,1,0.0,3,3,1.0,2,0,2,7,2,0,1,2,9,-3,1,Russell Westbrook
22023,201566,0022300505,"JAN 07, 2024",LAC @ LAL,L,19,3,9,0.333,1,4,0.25,0,0,0.0,0,1,1,3,1,0,0,1,7,-12,1,Russell Westbrook
22023,201566,0022300486,"JAN 05, 2024",LAC @ NOP,W,22,3,6,0.5,1,3,0.333,1,2,0.5,2,3,5,5,2,2,4,2,8,7,1,Russell Westbrook
22023,201566,0022300473,"JAN 03, 2024",LAC @ PHX,W,18,2,7,0.286,0,2,0.0,2,2,1.0,2,3,5,2,2,0,2,1,6,6,1,Russell Westbrook
22023,201566,0022300458,"JAN 01, 2024",LAC vs. MIA,W,18,4,10,0.4,0,1,0.0,0,0,0.0,2,2,4,3,2,0,2,0,8,-4,1,Russell Westbrook
22023,201566,0022300438,"DEC 29, 2023",LAC vs. MEM,W,20,6,9,0.667,2,4,0.5,0,0,0.0,1,5,6,6,0,0,4,1,14,2,1,Russell Westbrook
22023,201566,0022300414,"DEC 26, 2023",LAC vs. CHA,W,28,5,8,0.625,2,2,1.0,2,3,0.667,1,10,11,6,2,1,2,2,14,4,1,Russell Westbrook
22023,201566,0022300389,"DEC 23, 2023",LAC vs. BOS,L,21,4,11,0.364,0,2,0.0,4,4,1.0,1,4,5,5,0,1,1,3,12,0,1,Russell Westbrook
22023,201566,0022300379,"DEC 21, 2023",LAC @ OKC,L,30,7,12,0.583,0,2,0.0,1,1,1.0,4,9,13,4,0,0,5,3,15,-5,1,Russell Westbrook
22023,201566,0022300372,"DEC 20, 2023",LAC @ DAL,W,23,5,9,0.556,0,2,0.0,0,0,0.0,0,6,6,3,2,0,2,3,10,15,1,Russell Westbrook
22023,201566,0022300350,"DEC 18, 2023",LAC @ IND,W,17,4,6,0.667,0,0,0.0,2,4,0.5,3,1,4,5,1,1,1,2,10,-2,1,Russell Westbrook
22023,201566,0022300343,"DEC 16, 2023",LAC vs. NYK,W,15,4,7,0.571,0,1,0.0,2,4,0.5,3,3,6,4,1,0,0,1,10,2,1,Russell Westbrook
22023,201566,0022300325,"DEC 14, 2023",LAC vs. GSW,W,19,4,7,0.571,1,2,0.5,0,0,0.0,0,4,4,2,0,1,2,0,9,7,1,Russell Westbrook
22023,201566,0022300309,"DEC 12, 2023",LAC vs. SAC,W,20,4,8,0.5,0,1,0.0,0,0,0.0,2,5,7,3,0,0,4,0,8,12,1,Russell Westbrook
22023,201566,0022300304,"DEC 11, 2023",LAC vs. POR,W,16,5,7,0.714,1,2,0.5,1,2,0.5,1,1,2,6,0,1,4,1,12,0,1,Russell Westbrook
22023,201566,0022301225,"DEC 08, 2023",LAC @ UTA,W,17,2,7,0.286,1,2,0.5,0,0,0.0,0,5,5,2,1,2,3,2,5,-5,1,Russell Westbrook
22023,201566,0022301215,"DEC 06, 2023",LAC vs. DEN,W,16,4,8,0.5,0,2,0.0,1,2,0.5,4,4,8,1,0,2,1,1,9,3,1,Russell Westbrook
22023,201566,0022300280,"DEC 02, 2023",LAC vs. GSW,W,19,2,5,0.4,2,4,0.5,2,4,0.5,0,6,6,2,0,1,0,0,8,-11,1,Russell Westbrook
22023,201566,0022300273,"NOV 30, 2023",LAC @ GSW,L,26,5,13,0.385,0,3,0.0,4,6,0.667,6,5,11,6,0,0,0,1,14,-10,1,Russell Westbrook
22023,201566,0022300264,"NOV 29, 2023",LAC @ SAC,W,19,2,6,0.333,0,1,0.0,5,6,0.833,1,4,5,8,1,0,1,2,9,-3,1,Russell Westbrook
22023,201566,0022300257,"NOV 27, 2023",LAC vs. DEN,L,27,5,9,0.556,0,0,0.0,4,6,0.667,1,10,11,3,0,1,2,4,14,-11,1,Russell Westbrook
22023,201566,0022300244,"NOV 25, 2023",LAC vs. DAL,W,25,6,9,0.667,0,1,0.0,2,3,0.667,4,4,8,7,0,0,2,2,14,1,1,Russell Westbrook
22023,201566,0022300052,"NOV 24, 2023",LAC vs. NOP,L,14,1,8,0.125,0,2,0.0,1,2,0.5,1,3,4,2,0,1,0,2,3,-8,1,Russell Westbrook
22023,201566,0022300235,"NOV 22, 2023",LAC @ SAS,W,27,3,8,0.375,0,1,0.0,2,2,1.0,1,5,6,7,2,0,4,4,8,3,1,Russell Westbrook
22023,201566,0022300223,"NOV 20, 2023",LAC @ SAS,W,25,4,11,0.364,0,1,0.0,2,4,0.5,0,2,2,6,3,0,0,1,10,7,1,Russell Westbrook
22023,201566,0022300037,"NOV 17, 2023",LAC vs. HOU,W,17,2,9,0.222,2,6,0.333,2,4,0.5,0,3,3,2,0,0,2,1,8,-9,1,Russell Westbrook
22023,201566,0022300024,"NOV 14, 2023",LAC @ DEN,L,24,4,12,0.333,0,1,0.0,0,0,0.0,1,5,6,3,2,0,3,3,8,1,1,Russell Westbrook
22023,201566,0022300179,"NOV 12, 2023",LAC vs. MEM,L,31,5,13,0.385,1,4,0.25,1,2,0.5,1,8,9,5,3,0,4,3,12,10,1,Russell Westbrook
22023,201566,0022300014,"NOV 10, 2023",LAC @ DAL,L,20,5,11,0.455,0,1,0.0,4,5,0.8,2,3,5,2,3,0,2,1,14,-26,1,Russell Westbrook
22023,201566,0022300160,"NOV 08, 2023",LAC @ BKN,L,31,6,18,0.333,1,5,0.2,0,0,0.0,3,4,7,8,0,0,1,1,13,-5,1,Russell Westbrook
22023,201566,0022300151,"NOV 06, 2023",LAC @ NYK,L,31,8,13,0.615,1,3,0.333,0,0,0.0,0,4,4,4,0,0,4,2,17,-7,1,Russell Westbrook
22023,201566,0022300127,"NOV 01, 2023",LAC @ LAL,L,44,9,21,0.429,3,6,0.5,3,5,0.6,4,7,11,8,4,0,6,5,24,-8,1,Russell Westbrook
22023,201566,0022300114,"OCT 31, 2023",LAC vs. ORL,W,33,8,16,0.5,0,4,0.0,2,2,1.0,0,6,6,7,5,1,3,4,18,16,1,Russell Westbrook
22023,201566,0022300099,"OCT 29, 2023",LAC vs. SAS,W,27,8,13,0.615,3,5,0.6,0,3,0.0,1,7,8,3,1,1,2,3,19,30,1,Russell Westbrook
22023,201566,0022300085,"OCT 27, 2023",LAC @ UTA,L,37,2,4,0.5,0,1,0.0,0,0,0.0,1,8,9,4,1,1,5,4,4,-4,1,Russell Westbrook
22023,201566,0022300074,"OCT 25, 2023",LAC vs. POR,W,29,5,8,0.625,1,2,0.5,0,0,0.0,2,3,5,13,0,0,3,3,11,30,1,Russell Westbrook
22023,201142,0022301194,"APR 14, 2024",PHX @ MIN,W,38,6,14,0.429,1,3,0.333,2,2,1.0,2,2,4,1,2,1,4,3,15,30,1,Kevin Durant
22023,201142,0022301185,"APR 12, 2024",PHX @ SAC,W,42,11,20,0.55,3,7,0.429,3,3,1.0,1,4,5,3,0,0,3,2,28,-4,1,Kevin Durant
22023,201142,0022301165,"APR 10, 2024",PHX @ LAC,W,37,10,21,0.476,2,9,0.222,2,2,1.0,0,9,9,3,1,2,4,0,24,8,1,Kevin Durant
22023,201142,0022301156,"APR 09, 2024",PHX vs. LAC,L,40,8,22,0.364,2,5,0.4,3,5,0.6,0,2,2,2,2,0,1,2,21,-14,1,Kevin Durant
22023,201142,0022301138,"APR 07, 2024",PHX vs. NOP,L,38,8,22,0.364,3,8,0.375,4,4,1.0,0,4,4,6,0,0,0,1,23,-12,1,Kevin Durant
22023,201142,0022301125,"APR 05, 2024",PHX vs. MIN,W,35,9,14,0.643,1,4,0.25,3,3,1.0,1,5,6,6,1,0,1,4,22,22,1,Kevin Durant
22023,201142,0022301110,"APR 03, 2024",PHX vs. CLE,W,36,13,23,0.565,3,7,0.429,3,4,0.75,0,6,6,7,1,0,4,2,32,11,1,Kevin Durant
22023,201142,0022301092,"APR 01, 2024",PHX @ NOP,W,41,7,19,0.368,3,11,0.273,3,3,1.0,1,6,7,3,2,0,3,2,20,13,1,Kevin Durant
22023,201142,0022301069,"MAR 29, 2024",PHX @ OKC,L,31,10,17,0.588,4,7,0.571,2,3,0.667,0,6,6,1,1,1,3,2,26,-15,1,Kevin Durant
22023,201142,0022301059,"MAR 27, 2024",PHX @ DEN,W,38,12,20,0.6,3,4,0.75,3,3,1.0,2,11,13,3,0,5,8,1,30,11,1,Kevin Durant
22023,201142,0022301039,"MAR 25, 2024",PHX @ SAS,L,36,12,17,0.706,4,6,0.667,1,2,0.5,0,8,8,6,1,0,3,2,29,5,1,Kevin Durant
22023,201142,0022301025,"MAR 23, 2024",PHX @ SAS,W,31,12,16,0.75,1,2,0.5,0,0,0.0,0,4,4,4,3,0,0,0,25,31,1,Kevin Durant
22023,201142,0022301010,"MAR 21, 2024",PHX vs. ATL,W,37,5,15,0.333,2,8,0.25,7,7,1.0,1,3,4,2,0,3,5,1,19,0,1,Kevin Durant
22023,201142,0022301002,"MAR 20, 2024",PHX vs. PHI,W,36,10,18,0.556,2,6,0.333,0,0,0.0,0,8,8,4,0,3,4,1,22,1,1,Kevin Durant
22023,201142,0022300976,"MAR 17, 2024",PHX @ MIL,L,41,4,10,0.4,1,3,0.333,2,2,1.0,1,8,9,4,3,2,1,3,11,-11,1,Kevin Durant
22023,201142,0022300961,"MAR 15, 2024",PHX @ CHA,W,38,5,15,0.333,1,6,0.167,2,2,1.0,0,8,8,5,1,0,3,1,13,-2,1,Kevin Durant
22023,201142,0022300955,"MAR 14, 2024",PHX @ BOS,L,34,9,19,0.474,1,3,0.333,1,2,0.5,0,3,3,1,0,1,3,1,20,-17,1,Kevin Durant
22023,201142,0022300934,"MAR 11, 2024",PHX @ CLE,W,39,14,26,0.538,5,10,0.5,4,5,0.8,0,8,8,6,1,0,3,2,37,13,1,Kevin Durant
22023,201142,0022300920,"MAR 09, 2024",PHX vs. BOS,L,37,18,26,0.692,4,7,0.571,5,7,0.714,1,9,10,6,1,0,6,2,45,-1,1,Kevin Durant
22023,201142,0022300905,"MAR 07, 2024",PHX vs. TOR,W,35,11,19,0.579,2,5,0.4,11,12,0.917,0,3,3,1,1,0,4,1,35,8,1,Kevin Durant
22023,201142,0022300893,"MAR 05, 2024",PHX @ DEN,W,44,14,34,0.412,3,8,0.375,4,5,0.8,0,8,8,5,0,2,2,1,35,14,1,Kevin Durant
22023,201142,0022300878,"MAR 03, 2024",PHX vs. OKC,L,36,6,15,0.4,2,4,0.5,6,6,1.0,0,4,4,3,1,1,5,2,20,-9,1,Kevin Durant
22023,201142,0022300870,"MAR 02, 2024",PHX vs. HOU,L,39,12,19,0.632,1,4,0.25,5,8,0.625,2,7,9,2,0,3,6,1,30,-5,1,Kevin Durant
22023,201142,0022300854,"FEB 29, 2024",PHX vs. HOU,W,40,8,19,0.421,1,3,0.333,7,10,0.7,2,5,7,6,0,0,3,1,24,2,1,Kevin Durant
22023,201142,0022300818,"FEB 25, 2024",PHX vs. LAL,W,39,7,20,0.35,2,8,0.25,6,6,1.0,1,4,5,7,0,2,3,2,22,2,1,Kevin Durant
22023,201142,0022300806,"FEB 23, 2024",PHX @ HOU,L,38,10,22,0.455,1,7,0.143,7,10,0.7,0,11,11,8,1,2,2,3,28,5,1,Kevin Durant
22023,201142,0022300796,"FEB 22, 2024",PHX @ DAL,L,40,9,22,0.409,2,8,0.25,3,5,0.6,0,6,6,1,1,1,5,3,23,-4,1,Kevin Durant
22023,201142,0022300787,"FEB 14, 2024",PHX vs. DET,W,30,8,13,0.615,1,3,0.333,8,8,1.0,1,5,6,6,1,2,5,2,25,23,1,Kevin Durant
22023,201142,0022300774,"FEB 13, 2024",PHX vs. SAC,W,38,11,17,0.647,2,5,0.4,4,6,0.667,2,9,11,4,1,0,3,2,28,8,1,Kevin Durant
22023,201142,0022300757,"FEB 10, 2024",PHX @ GSW,L,39,10,25,0.4,2,8,0.25,2,2,1.0,1,9,10,7,1,2,6,0,24,0,1,Kevin Durant
22023,201142,0022300739,"FEB 08, 2024",PHX vs. UTA,W,35,14,23,0.609,2,6,0.333,1,1,1.0,0,8,8,7,3,2,3,1,31,17,1,Kevin Durant
22023,201142,0022300725,"FEB 06, 2024",PHX vs. MIL,W,39,11,21,0.524,1,5,0.2,5,7,0.714,0,10,10,1,1,2,5,3,28,8,1,Kevin Durant
22023,201142,0022300705,"FEB 04, 2024",PHX @ WAS,W,26,7,9,0.778,3,3,1.0,1,2,0.5,0,4,4,3,2,1,1,0,18,18,1,Kevin Durant
22023,201142,0022300690,"FEB 02, 2024",PHX @ ATL,L,38,14,24,0.583,5,9,0.556,2,2,1.0,1,7,8,8,2,1,4,3,35,-1,1,Kevin Durant
22023,201142,0022300677,"JAN 31, 2024",PHX @ BKN,W,38,10,16,0.625,2,6,0.333,11,12,0.917,0,5,5,8,0,2,3,1,33,20,1,Kevin Durant
22023,201142,0022300661,"JAN 29, 2024",PHX @ MIA,W,42,8,15,0.533,2,5,0.4,2,2,1.0,2,6,8,7,1,2,1,0,20,6,1,Kevin Durant
22023,201142,0022300655,"JAN 28, 2024",PHX @ ORL,L,37,7,12,0.583,1,3,0.333,0,0,0.0,0,4,4,5,0,1,7,3,15,-25,1,Kevin Durant
22023,201142,0022300636,"JAN 26, 2024",PHX @ IND,L,39,9,15,0.6,2,4,0.5,0,0,0.0,1,6,7,6,1,1,2,1,20,-9,1,Kevin Durant
22023,201142,0022300625,"JAN 24, 2024",PHX @ DAL,W,38,4,10,0.4,0,4,0.0,4,7,0.571,0,10,10,7,1,2,1,4,12,19,1,Kevin Durant
22023,201142,0022300612,"JAN 22, 2024",PHX vs. CHI,W,41,16,32,0.5,6,15,0.4,5,6,0.833,1,5,6,8,1,2,1,2,43,3,1,Kevin Durant
22023,201142,0022300604,"JAN 21, 2024",PHX vs. IND,W,40,18,25,0.72,4,7,0.571,0,0,0.0,1,8,9,2,0,3,2,4,40,7,1,Kevin Durant
22023,201142,0022300588,"JAN 19, 2024",PHX @ NOP,W,35,11,19,0.579,3,8,0.375,1,1,1.0,1,4,5,2,2,2,1,1,26,25,1,Kevin Durant
22023,201142,0022300567,"JAN 16, 2024",PHX vs. SAC,W,39,7,16,0.438,4,8,0.5,9,9,1.0,1,4,5,4,0,2,7,3,27,-4,1,Kevin Durant
22023,201142,0022300554,"JAN 14, 2024",PHX @ POR,W,38,8,16,0.5,2,5,0.4,3,3,1.0,1,4,5,6,0,0,3,4,21,0,1,Kevin Durant
22023,201142,0022300531,"JAN 11, 2024",PHX @ LAL,W,32,7,12,0.583,2,5,0.4,2,2,1.0,0,5,5,5,3,1,1,0,18,15,1,Kevin Durant
22023,201142,0022300511,"JAN 08, 2024",PHX @ LAC,L,35,10,17,0.588,3,6,0.5,7,8,0.875,0,7,7,2,0,1,3,2,30,-14,1,Kevin Durant
22023,201142,0022300503,"JAN 07, 2024",PHX vs. MEM,L,36,11,23,0.478,0,1,0.0,1,1,1.0,2,8,10,5,0,1,1,1,23,-7,1,Kevin Durant
22023,201142,0022300450,"DEC 31, 2023",PHX vs. ORL,W,39,12,21,0.571,2,5,0.4,5,5,1.0,0,5,5,5,3,1,0,1,31,9,1,Kevin Durant
22023,201142,0022300436,"DEC 29, 2023",PHX vs. CHA,W,39,8,11,0.727,3,3,1.0,2,2,1.0,1,3,4,11,1,3,1,2,21,10,1,Kevin Durant
22023,201142,0022300418,"DEC 27, 2023",PHX @ HOU,W,41,9,16,0.563,3,7,0.429,6,8,0.75,0,10,10,16,2,1,3,2,27,17,1,Kevin Durant
22023,201142,0022300405,"DEC 25, 2023",PHX vs. DAL,L,43,4,11,0.364,1,3,0.333,7,7,1.0,1,7,8,7,0,1,6,2,16,-5,1,Kevin Durant
22023,201142,0022300387,"DEC 22, 2023",PHX @ SAC,L,34,9,14,0.643,2,3,0.667,8,9,0.889,0,7,7,2,1,0,7,0,28,-14,1,Kevin Durant
22023,201142,0022300363,"DEC 19, 2023",PHX @ POR,L,38,16,28,0.571,1,3,0.333,7,8,0.875,0,4,4,5,2,0,5,1,40,8,1,Kevin Durant
22023,201142,0022300347,"DEC 17, 2023",PHX vs. WAS,W,35,11,24,0.458,0,2,0.0,6,9,0.667,3,2,5,5,1,1,2,1,28,-2,1,Kevin Durant
22023,201142,0022300333,"DEC 15, 2023",PHX vs. NYK,L,36,10,21,0.476,4,9,0.444,5,7,0.714,0,3,3,6,0,0,0,1,29,-7,1,Kevin Durant
22023,201142,0022300317,"DEC 13, 2023",PHX vs. BKN,L,38,9,18,0.5,1,5,0.2,8,10,0.8,1,5,6,4,1,2,2,3,27,0,1,Kevin Durant
22023,201142,0022301203,"DEC 05, 2023",PHX @ LAL,L,39,12,17,0.706,4,7,0.571,3,4,0.75,0,7,7,4,0,1,5,5,31,6,1,Kevin Durant
22023,201142,0022300288,"DEC 02, 2023",PHX vs. MEM,W,33,10,14,0.714,2,3,0.667,5,7,0.714,0,2,2,5,1,1,2,1,27,8,1,Kevin Durant
22023,201142,0022300279,"DEC 01, 2023",PHX vs. DEN,L,36,8,25,0.32,1,3,0.333,13,13,1.0,0,4,4,11,1,3,1,2,30,-6,1,Kevin Durant
22023,201142,0022300260,"NOV 29, 2023",PHX @ TOR,L,36,11,30,0.367,2,8,0.25,6,6,1.0,0,4,4,6,1,0,1,1,30,-1,1,Kevin Durant
22023,201142,0022300236,"NOV 22, 2023",PHX vs. GSW,W,34,7,14,0.5,3,4,0.75,15,15,1.0,0,8,8,2,0,2,6,2,32,5,1,Kevin Durant
22023,201142,0022300041,"NOV 21, 2023",PHX vs. POR,W,37,13,21,0.619,2,2,1.0,3,3,1.0,0,4,4,9,0,1,3,4,31,20,1,Kevin Durant
22023,201142,0022300214,"NOV 19, 2023",PHX @ UTA,W,46,14,27,0.519,4,9,0.444,7,7,1.0,0,8,8,10,2,2,7,2,39,4,1,Kevin Durant
22023,201142,0022300035,"NOV 17, 2023",PHX @ UTA,W,33,15,22,0.682,6,8,0.75,2,2,1.0,0,9,9,9,0,0,1,1,38,-8,1,Kevin Durant
22023,201142,0022300197,"NOV 15, 2023",PHX vs. MIN,W,35,11,15,0.733,2,2,1.0,7,7,1.0,0,6,6,6,0,1,2,3,31,27,1,Kevin Durant
22023,201142,0022300185,"NOV 12, 2023",PHX vs. OKC,L,36,7,18,0.389,3,5,0.6,11,11,1.0,0,9,9,4,1,2,3,1,28,-13,1,Kevin Durant
22023,201142,0022300015,"NOV 10, 2023",PHX vs. LAL,L,39,13,27,0.481,4,6,0.667,8,10,0.8,1,8,9,5,0,0,4,4,38,8,1,Kevin Durant
22023,201142,0022300162,"NOV 08, 2023",PHX @ CHI,W,42,7,16,0.438,2,5,0.4,9,9,1.0,1,6,7,9,2,1,6,2,25,5,1,Kevin Durant
22023,201142,0022300140,"NOV 05, 2023",PHX @ DET,W,35,14,27,0.519,1,3,0.333,12,12,1.0,0,4,4,5,1,2,3,1,41,7,1,Kevin Durant
22023,201142,0022300132,"NOV 04, 2023",PHX @ PHI,L,36,9,20,0.45,1,4,0.25,12,14,0.857,1,7,8,3,1,2,5,1,31,-13,1,Kevin Durant
22023,201142,0022300131,"NOV 02, 2023",PHX vs. SAS,L,37,10,15,0.667,3,5,0.6,5,9,0.556,0,6,6,1,0,2,3,3,28,-17,1,Kevin Durant
22023,201142,0022300113,"OCT 31, 2023",PHX vs. SAS,L,37,12,19,0.632,1,3,0.333,1,2,0.5,0,2,2,7,2,0,5,0,26,3,1,Kevin Durant
22023,201142,0022300094,"OCT 28, 2023",PHX vs. UTA,W,29,8,11,0.727,1,4,0.25,9,9,1.0,0,4,4,7,1,1,2,1,26,30,1,Kevin Durant
22023,201142,0022300076,"OCT 26, 2023",PHX @ LAL,L,39,14,28,0.5,1,5,0.2,10,13,0.769,0,11,11,2,1,1,8,2,39,18,1,Kevin Durant
22023,201142,0022300062,"OCT 24, 2023",PHX @ GSW,W,37,7,22,0.318,1,2,0.5,3,5,0.6,2,9,11,3,0,1,2,1,18,0,1,Kevin Durant
